companion_seq,travel_id,rel_cd,companion_gender,companion_age_grp,companion_situation
1,h_h000001,1,1,6,1
2,h_h000001,2,1,2,1
2,h_h000008,2,2,2,1
1,h_h000008,1,1,5,1
1,h_h000009,1,1,4,1
2,h_h000010,2,1,2,1
1,h_h000010,1,1,5,1
3,h_h000010,2,2,2,1
2,h_h000013,2,1,1,1
1,h_h000013,1,1,4,1
2,h_h000014,2,1,1,1
4,h_h000014,2,2,1,1
6,h_h000014,3,2,7,3
1,h_h000014,1,1,4,1
3,h_h000014,2,2,1,1
5,h_h000014,3,1,6,3
7,h_h000014,5,2,3,3
1,h_h000017,1,1,4,1
1,h_h000020,1,1,5,1
2,h_h000020,2,1,1,1
1,h_h000025,8,2,3,3
1,h_h000028,3,1,8,1
2,h_h000028,3,2,7,1
1,h_h000030,3,2,7,3
2,h_h000031,7,1,3,1
1,h_h000031,7,1,3,1
3,h_h000031,7,1,3,1
1,h_h000032,1,1,4,1
1,h_h000037,1,2,4,1
1,h_h000042,3,1,7,1
3,h_h000042,5,1,4,1
2,h_h000042,3,2,7,1
1,h_h000043,1,1,4,1
3,h_h000043,2,2,1,1
2,h_h000043,2,1,1,1
2,h_h000047,3,1,8,1
1,h_h000047,2,2,1,1
3,h_h000047,3,2,7,1
1,h_h000049,1,1,7,1
1,h_h000052,1,1,5,1
3,h_h000052,5,2,5,2
5,h_h000052,3,2,7,3
2,h_h000052,2,1,1,1
4,h_h000052,3,1,7,3
1,h_h000058,1,1,5,1
3,h_h000058,2,1,1,1
2,h_h000058,2,2,1,1
1,h_h000065,7,2,4,1
2,h_h000068,2,1,1,1
1,h_h000068,1,1,4,1
3,h_h000068,2,2,1,1
1,h_h000069,1,1,5,1
2,h_h000078,7,2,4,1
4,h_h000078,7,2,4,1
1,h_h000078,1,1,4,1
3,h_h000078,7,2,4,1
1,h_h000087,2,2,2,1
2,h_h000087,2,2,2,1
1,h_h000091,8,1,4,1
1,h_h000093,1,1,4,1
2,h_h000093,2,1,1,1
1,h_h000097,1,2,4,1
3,h_h000097,2,1,1,1
5,h_h000097,3,2,7,2
2,h_h000097,2,2,1,1
4,h_h000097,3,1,8,2
2,h_h000098,9,2,3,1
4,h_h000098,9,2,3,1
1,h_h000098,9,2,4,1
3,h_h000098,9,2,3,1
1,h_h000103,3,2,7,1
1,h_h000104,1,1,4,1
3,h_h000104,2,1,1,1
2,h_h000104,2,1,1,1
2,h_h000107,2,2,1,1
1,h_h000107,1,2,4,1
2,h_h000111,7,2,4,1
1,h_h000111,2,1,1,1
3,h_h000111,11,1,1,1
1,h_h000121,3,1,6,1
2,h_h000121,5,2,4,1
1,h_h000124,9,2,4,3
2,h_h000125,3,2,7,1
4,h_h000125,2,2,1,1
1,h_h000125,1,1,5,1
3,h_h000125,2,1,1,1
1,h_h000126,3,2,6,1
1,h_h000137,7,2,3,1
1,h_h000138,1,2,5,1
1,h_h000141,7,2,5,1
3,h_h000141,7,2,5,1
5,h_h000141,7,2,5,1
2,h_h000141,7,2,5,1
4,h_h000141,7,2,5,1
1,h_h000147,1,2,5,1
2,h_h000150,11,2,2,1
1,h_h000150,2,2,2,1
1,h_h000155,1,1,4,1
3,h_h000155,2,1,1,1
2,h_h000155,2,2,1,1
2,h_h000156,2,2,1,1
1,h_h000156,1,1,4,1
1,h_h000158,1,2,5,1
3,h_h000158,2,1,2,1
2,h_h000158,2,2,2,1
1,h_h000163,1,2,5,1
2,h_h000171,2,1,1,1
4,h_h000171,3,2,8,3
1,h_h000171,1,1,5,1
3,h_h000171,3,1,8,3
1,h_h000172,7,2,3,1
1,h_h000173,1,2,4,1
1,h_h000176,1,1,7,1
3,h_h000176,5,2,7,3
2,h_h000176,5,1,7,3
4,h_h000176,5,2,4,3
2,h_h000179,3,2,8,1
4,h_h000179,2,1,1,1
6,h_h000179,6,2,4,3
1,h_h000179,3,1,8,1
3,h_h000179,1,1,5,1
5,h_h000179,5,1,5,3
2,h_h000181,7,2,3,1
1,h_h000181,7,2,3,1
3,h_h000181,7,2,3,1
1,h_h000185,1,1,4,1
2,h_h000185,2,1,1,1
1,h_h000186,1,1,5,1
3,h_h000186,2,1,1,1
2,h_h000186,2,2,1,1
1,h_h000188,1,2,5,1
3,h_h000188,3,2,8,1
2,h_h000188,3,1,8,1
2,h_h000192,2,1,1,1
1,h_h000192,1,1,5,1
3,h_h000192,2,1,1,1
1,h_h000200,1,1,4,1
1,h_h000202,8,1,3,1
1,h_h000203,7,1,3,1
3,h_h000203,7,1,3,1
2,h_h000203,7,1,3,1
1,h_h000204,3,2,7,1
3,h_h000212,7,2,5,1
5,h_h000212,11,1,1,1
2,h_h000212,2,1,1,1
4,h_h000212,11,1,1,1
1,h_h000212,2,2,2,1
2,h_h000218,2,2,1,1
4,h_h000218,2,2,1,1
1,h_h000218,1,2,5,1
3,h_h000218,2,2,1,1
2,h_h000221,2,1,1,1
1,h_h000221,1,2,4,1
1,h_h000222,8,1,3,1
1,h_h000224,1,1,5,1
1,h_h000225,8,1,3,1
3,h_h000225,11,2,6,1
2,h_h000225,11,2,8,1
1,h_h000228,1,2,7,1
1,h_h000230,3,2,7,1
1,h_h000232,1,1,5,1
2,h_h000232,2,2,1,1
1,h_h000233,8,1,4,1
1,h_h000234,1,1,6,2
1,h_h000237,1,1,4,1
1,h_h000238,1,1,4,1
3,h_h000238,2,1,1,1
2,h_h000238,2,1,1,1
1,h_h000245,1,1,5,1
1,h_h000247,1,1,5,1
1,h_h000250,8,2,3,1
1,h_h000256,8,2,4,3
2,h_h000257,2,1,2,1
1,h_h000257,1,1,5,1
3,h_h000257,2,1,1,1
2,h_h000258,9,1,4,1
1,h_h000258,2,1,2,1
3,h_h000258,5,2,5,1
1,h_h000259,3,1,7,1
2,h_h000259,3,2,7,1
1,h_h000261,1,2,5,1
2,h_h000263,8,1,4,1
1,h_h000263,5,2,4,3
2,h_h000267,7,2,3,1
1,h_h000267,7,2,3,1
1,h_h000271,8,1,4,1
2,h_h000276,7,2,5,1
1,h_h000276,7,2,5,1
1,h_h000280,8,1,3,1
2,h_h000281,2,2,2,1
1,h_h000281,1,2,5,1
3,h_h000281,2,2,1,1
1,h_h000283,1,2,4,1
3,h_h000283,2,2,1,1
2,h_h000283,2,1,1,1
1,h_h000291,7,2,5,1
1,h_h000294,3,2,7,1
1,h_h000300,1,2,5,1
2,h_h000300,2,2,2,1
1,h_h000301,1,2,6,2
2,h_h000304,2,2,1,1
1,h_h000304,1,1,5,1
9,h_h000306,11,1,2,1
11,h_h000306,11,1,5,1
13,h_h000306,11,2,1,1
2,h_h000306,2,1,1,1
4,h_h000306,3,2,8,1
6,h_h000306,5,2,5,1
8,h_h000306,11,1,2,1
10,h_h000306,5,2,5,1
12,h_h000306,11,1,2,1
1,h_h000306,1,2,5,1
3,h_h000306,3,1,8,1
5,h_h000306,5,2,6,1
7,h_h000306,11,1,5,3
1,h_h000307,1,1,4,1
3,h_h000307,2,2,1,1
2,h_h000307,2,1,1,1
1,h_h000311,8,1,4,1
2,h_h000312,9,1,6,1
1,h_h000312,9,1,3,1
1,h_h000313,1,1,5,1
2,h_h000313,2,1,1,1
1,h_h000314,1,2,6,1
2,h_h000319,2,2,2,1
1,h_h000319,1,1,4,1
3,h_h000319,2,2,1,1
2,h_h000321,2,2,1,1
4,h_h000321,7,2,4,1
6,h_h000321,11,2,1,1
1,h_h000321,1,1,4,1
3,h_h000321,7,1,5,1
5,h_h000321,11,2,1,1
1,h_h000322,7,1,3,1
1,h_h000323,1,2,5,1
1,h_h000324,7,2,3,1
1,h_h000328,7,1,4,1
1,h_h000329,9,1,6,1
2,h_h000329,9,1,5,1
2,h_h000334,3,2,7,1
1,h_h000334,1,2,4,1
1,h_h000336,10,2,7,1
2,h_h000336,10,2,6,1
1,h_h000337,7,2,5,1
1,h_h000339,10,2,4,3
1,h_h000340,8,1,3,1
2,h_h000342,5,1,4,1
4,h_h000342,2,2,2,1
1,h_h000342,3,2,8,1
3,h_h000342,2,2,2,1
5,h_h000342,2,2,1,1
1,h_h000344,2,2,2,1
2,h_h000346,2,1,2,1
1,h_h000346,1,1,5,1
3,h_h000346,2,2,1,1
1,h_h000351,8,1,3,1
1,h_h000453,1,1,5,1
3,h_h000453,2,2,1,1
2,h_h000453,2,1,1,1
1,h_h000455,8,2,4,1
1,h_h000456,7,2,4,1
1,h_h000458,9,1,4,1
1,h_h000459,7,2,3,1
1,h_h000461,8,2,3,1
2,h_h000464,2,2,2,1
1,h_h000464,1,1,5,1
3,h_h000464,2,2,2,1
1,h_h000468,7,2,4,1
2,h_h000475,2,2,1,1
4,h_h000475,3,2,7,3
6,h_h000475,6,2,4,3
1,h_h000475,1,1,5,1
3,h_h000475,3,1,7,3
5,h_h000475,5,1,4,3
7,h_h000475,6,2,1,3
2,h_h000480,5,2,4,1
1,h_h000480,3,2,6,1
3,h_h000480,6,1,4,1
1,h_h000482,4,1,7,1
3,h_h000482,5,2,5,3
5,h_h000482,11,1,2,3
2,h_h000482,4,2,7,1
4,h_h000482,5,1,4,3
2,h_h000484,2,1,2,1
1,h_h000484,1,1,5,1
3,h_h000484,2,1,2,1
2,h_h000486,2,2,1,1
1,h_h000486,1,1,5,1
2,h_h000487,2,2,1,1
1,h_h000487,1,1,4,1
3,h_h000487,2,2,1,1
1,h_h000488,8,1,4,1
1,h_h000489,1,1,4,1
1,h_h000491,8,1,5,1
1,h_h000494,2,2,3,1
2,h_h000496,7,2,3,3
1,h_h000496,7,2,3,3
1,h_h000498,8,1,4,3
1,h_h000500,8,2,3,1
1,h_h000512,1,2,5,1
3,h_h000512,2,1,2,1
2,h_h000512,2,1,2,1
4,h_h000512,2,2,1,1
1,h_h000516,3,2,6,1
1,h_h000520,2,2,3,1
1,h_h000521,7,2,3,1
2,h_h000522,2,2,1,1
1,h_h000522,1,1,5,1
1,h_h000523,7,2,4,1
1,h_h000527,7,2,3,1
1,h_h000529,2,1,1,1
1,h_h000530,1,2,5,1
2,h_h000530,2,1,1,1
1,h_h000531,7,2,3,3
1,h_h000533,8,2,4,1
1,h_h000534,8,1,3,1
1,h_h000536,8,1,3,1
1,h_h000537,1,1,5,1
3,h_h000537,2,2,1,1
2,h_h000537,2,1,1,1
2,h_h000544,1,1,5,1
4,h_h000544,2,1,1,1
1,h_h000544,3,2,7,1
3,h_h000544,2,2,2,1
1,h_h000551,7,2,3,3
1,h_h000571,8,1,3,1
1,h_h000574,7,2,4,1
3,h_h000574,7,2,4,3
2,h_h000574,7,2,4,3
1,h_h000580,8,1,5,1
1,h_h000581,5,2,3,1
2,h_h000581,2,2,1,1
1,h_h000583,1,2,5,1
2,h_h000585,2,2,1,1
1,h_h000585,1,2,5,1
2,h_h000588,2,1,1,1
1,h_h000588,1,2,4,1
3,h_h000588,2,2,1,1
1,h_h000589,1,1,4,1
3,h_h000589,2,2,1,1
2,h_h000589,2,1,1,1
1,h_h000590,3,2,7,3
1,h_h000592,1,1,4,1
1,h_h000595,7,2,5,1
1,h_h000597,8,1,5,1
1,h_h000599,1,1,6,1
1,h_h000601,7,2,3,1
2,h_h000602,2,1,1,1
1,h_h000602,1,2,4,1
4,h_h000603,2,1,1,1
1,h_h000603,1,1,5,1
3,h_h000603,2,2,1,1
5,h_h000603,3,2,6,1
2,h_h000603,2,2,2,1
1,h_h000609,10,2,5,3
1,h_h000614,1,1,5,1
3,h_h000614,2,2,1,1
2,h_h000614,2,2,2,1
1,h_h000615,1,2,4,1
2,h_h000616,11,2,2,1
1,h_h000616,2,2,4,1
3,h_h000616,11,2,2,1
1,h_h000617,8,2,3,1
1,h_h000619,8,1,3,1
1,h_h000620,8,2,3,1
3,h_h000620,11,2,3,3
2,h_h000620,7,1,3,3
2,h_h000624,2,1,1,1
1,h_h000624,3,2,6,1
1,h_h000627,8,1,3,1
1,h_h000629,8,2,3,1
3,h_h000630,3,2,8,3
5,h_h000630,6,1,5,3
7,h_h000630,6,2,5,3
9,h_h000630,6,2,2,3
11,h_h000630,6,1,2,3
2,h_h000630,3,1,8,3
4,h_h000630,6,2,5,3
6,h_h000630,6,1,6,3
8,h_h000630,6,2,2,3
10,h_h000630,6,2,1,3
1,h_h000630,1,1,4,1
1,h_h000635,7,2,4,3
2,h_h000637,7,2,3,1
1,h_h000637,8,2,3,1
3,h_h000637,7,1,3,1
1,h_h000645,1,1,5,3
3,h_h000645,2,2,1,1
2,h_h000645,2,1,1,1
1,h_h000648,8,1,4,1
1,h_h000652,1,1,4,1
1,h_h000653,8,1,3,1
1,h_h000656,7,2,4,1
2,h_h000660,7,1,3,1
1,h_h000660,7,1,3,1
1,h_h000667,7,2,4,1
2,h_h000673,7,2,3,1
1,h_h000673,7,2,3,1
1,h_h000674,8,1,3,1
1,h_h000676,8,2,3,1
1,h_h000677,8,2,3,3
1,h_h000678,2,2,2,1
2,h_h000678,2,1,2,1
1,h_h000683,2,2,2,1
1,h_h000689,3,2,7,1
3,h_h000689,5,2,4,3
2,h_h000689,3,1,7,1
1,h_h000690,7,2,3,1
1,h_h000695,7,2,4,1
3,h_h000695,7,2,4,1
2,h_h000695,7,2,4,1
1,h_h000701,8,1,3,1
1,h_h000703,7,2,4,1
1,h_h000705,8,1,3,1
1,h_h000707,8,1,3,1
2,h_h000713,2,1,1,1
1,h_h000713,1,2,4,1
1,h_h000716,1,1,4,1
3,h_h000716,3,1,7,1
2,h_h000716,2,2,1,1
4,h_h000716,3,2,7,1
1,h_h000719,1,1,5,1
1,h_h000722,3,2,7,3
1,h_h000723,8,1,4,1
1,h_h000725,8,2,3,1
1,h_h000734,7,2,3,1
1,h_h000739,1,1,5,1
2,h_h000739,2,2,1,1
1,h_h000740,1,2,5,1
3,h_h000740,2,2,2,1
2,h_h000740,2,2,2,1
1,h_h000742,1,1,4,1
3,h_h000742,2,1,1,1
2,h_h000742,2,2,1,1
4,h_h000742,2,2,1,1
1,h_h000745,1,1,4,1
3,h_h000745,2,2,1,1
2,h_h000745,2,1,1,1
4,h_h000745,2,1,1,1
2,h_h000753,3,2,7,3
4,h_h000753,6,1,1,3
1,h_h000753,1,1,4,1
3,h_h000753,5,2,4,3
1,h_h000756,1,1,6,1
3,h_h000756,2,2,1,1
2,h_h000756,2,1,2,1
1,h_h000758,2,1,2,1
1,h_h000759,8,1,4,1
2,h_h000760,2,1,1,1
1,h_h000760,1,1,5,1
2,h_h000761,2,1,2,1
1,h_h000761,1,2,5,1
3,h_h000761,2,1,1,1
1,h_h000763,1,1,5,1
1,h_h000768,1,1,5,1
2,h_h000768,2,1,2,1
1,h_h000771,3,1,6,1
2,h_h000771,3,2,6,1
1,h_h000773,1,1,4,1
2,h_h000773,2,1,1,1
3,h_h000781,2,2,2,1
2,h_h000781,2,2,2,1
1,h_h000781,1,1,5,1
1,h_h000782,8,2,4,1
1,h_h000788,8,1,4,1
1,h_h000789,7,2,4,1
1,h_h000791,1,1,4,1
3,h_h000791,2,2,2,1
2,h_h000791,2,1,2,1
1,h_h000794,1,1,3,1
1,h_h000797,7,2,3,1
1,h_h000799,1,2,4,1
3,h_h000799,2,2,1,1
2,h_h000799,2,2,1,1
2,h_h000800,2,2,1,1
1,h_h000800,2,1,2,1
1,h_h000805,7,2,3,1
2,h_h000806,2,1,1,1
1,h_h000806,1,1,5,1
1,h_h000807,3,2,7,1
2,h_h000807,6,2,7,3
1,h_h000810,8,1,3,1
1,h_h000814,5,2,3,1
2,h_h000815,2,2,2,1
1,h_h000815,1,2,5,1
3,h_h000815,2,1,1,1
3,h_h000817,2,2,3,1
2,h_h000817,3,2,7,1
1,h_h000817,1,2,5,1
1,h_h000819,1,1,5,1
3,h_h000819,2,2,2,1
2,h_h000819,4,2,8,1
4,h_h000819,2,2,1,1
2,h_h000821,7,2,3,1
4,h_h000821,7,2,3,2
1,h_h000821,7,2,3,1
3,h_h000821,7,2,3,1
2,h_h000825,2,1,2,1
1,h_h000825,2,2,3,1
1,h_h000826,7,2,3,1
2,h_h000829,2,2,1,1
1,h_h000829,1,1,4,1
3,h_h000829,2,2,1,1
1,h_h000831,1,1,5,3
3,h_h000831,2,1,1,1
5,h_h000831,11,1,1,3
2,h_h000831,2,2,1,1
4,h_h000831,7,2,5,3
2,h_h000832,7,2,5,1
4,h_h000832,2,1,1,1
1,h_h000832,7,2,5,1
3,h_h000832,7,2,5,1
3,h_h000833,2,1,1,1
2,h_h000833,3,2,7,1
4,h_h000833,2,2,1,1
1,h_h000833,1,1,5,1
1,h_h000835,7,2,3,1
2,h_h000835,7,2,3,1
1,h_h000837,1,1,5,1
3,h_h000837,2,2,1,1
2,h_h000837,2,1,1,1
1,h_h000844,8,2,3,3
1,h_h000846,11,1,6,3
1,h_h000849,3,2,8,3
1,h_h000852,8,1,4,3
1,h_h000855,2,2,1,1
3,h_h000855,6,1,5,1
2,h_h000855,5,2,5,1
4,h_h000855,6,2,1,1
1,h_h000858,8,2,4,1
2,h_h000861,7,1,3,1
3,h_h000861,7,2,3,1
1,h_h000861,8,1,3,1
2,h_h000866,3,2,6,1
4,h_h000866,6,2,5,1
6,h_h000866,6,2,5,1
8,h_h000866,6,2,8,1
1,h_h000866,3,1,6,1
3,h_h000866,6,1,6,1
5,h_h000866,6,1,5,1
7,h_h000866,6,2,2,1
1,h_h000868,1,2,4,1
3,h_h000868,3,1,7,1
2,h_h000868,2,2,1,1
1,h_h000869,1,2,4,1
3,h_h000869,2,2,1,1
2,h_h000869,2,2,1,1
2,h_h000871,2,1,1,1
1,h_h000871,1,1,5,1
1,h_h000873,8,1,3,1
2,h_h000874,7,2,3,1
1,h_h000874,7,2,3,1
2,h_h000877,7,2,5,2
4,h_h000877,7,2,5,2
6,h_h000877,7,2,5,2
8,h_h000877,7,2,5,2
1,h_h000877,1,1,5,3
3,h_h000877,7,2,5,2
5,h_h000877,7,2,5,2
7,h_h000877,7,2,5,2
1,h_h000884,1,1,5,1
3,h_h000884,2,1,1,1
2,h_h000884,2,1,1,1
1,h_h000886,8,2,4,1
1,h_h000892,7,2,5,1
3,h_h000892,7,2,5,1
2,h_h000892,7,2,5,1
1,h_h000895,3,1,7,1
2,h_h000895,3,2,7,1
2,h_h000897,5,2,2,1
4,h_h000897,4,2,8,1
1,h_h000897,3,2,6,1
3,h_h000897,4,1,8,1
2,h_h000898,2,2,1,1
1,h_h000898,1,2,4,1
1,h_h000899,3,1,8,1
3,h_h000899,2,2,1,1
2,h_h000899,3,2,8,1
4,h_h000899,2,2,1,1
1,h_h000904,8,1,4,1
1,h_h000908,8,1,5,1
1,h_h000909,1,2,4,1
3,h_h000909,2,2,2,1
2,h_h000909,2,1,2,1
1,h_h000914,2,2,1,1
2,h_h000914,2,2,1,1
1,h_h000915,1,1,4,1
1,h_h000917,8,1,4,1
2,h_h000920,2,2,1,1
1,h_h000920,1,1,4,1
3,h_h000920,2,1,1,1
1,h_h000922,8,2,4,1
1,h_h000926,2,2,1,1
3,h_h000926,11,2,1,1
2,h_h000926,7,2,5,1
2,h_h001023,7,2,3,3
1,h_h001023,7,2,3,1
2,h_h001024,2,1,2,1
4,h_h001024,2,2,1,1
1,h_h001024,7,2,8,1
3,h_h001024,2,1,2,1
5,h_h001024,2,2,4,1
2,h_h001025,2,2,1,1
1,h_h001025,1,2,5,1
2,h_h001026,7,1,4,1
1,h_h001026,7,1,4,1
1,h_h001032,7,2,4,1
2,h_h001034,7,2,3,1
1,h_h001034,7,2,4,1
3,h_h001034,7,2,3,1
1,h_h001036,1,1,4,1
3,h_h001036,7,1,4,3
5,h_h001036,7,2,4,1
2,h_h001036,7,1,4,2
4,h_h001036,7,1,4,1
6,h_h001036,7,2,4,2
2,h_h001038,2,1,4,1
1,h_h001038,1,1,4,1
1,h_h001041,3,1,8,1
3,h_h001041,1,1,5,2
5,h_h001041,2,2,2,1
7,h_h001041,6,2,4,1
2,h_h001041,3,2,7,1
4,h_h001041,2,2,2,1
6,h_h001041,5,1,5,1
1,h_h001054,8,1,3,1
1,h_h001057,8,1,3,1
1,h_h001063,3,1,7,1
3,h_h001063,5,1,3,1
2,h_h001063,3,2,7,1
2,h_h001068,2,2,1,1
1,h_h001068,1,2,4,1
3,h_h001068,2,2,1,1
1,h_h001073,7,1,3,1
1,h_h001074,2,2,2,1
2,h_h001074,2,1,1,1
1,h_h001075,1,2,4,1
2,h_h001076,2,2,1,1
4,h_h001076,3,2,7,1
1,h_h001076,1,1,5,1
3,h_h001076,2,1,1,1
1,h_h001078,8,1,3,1
1,h_h001084,8,1,4,3
2,h_h001085,3,2,7,1
1,h_h001085,2,1,1,1
1,h_h001086,7,2,4,1
3,h_h001086,7,2,4,1
2,h_h001086,7,2,4,1
1,h_h001089,1,1,4,1
1,h_h001091,2,1,1,1
2,h_h001091,2,1,2,1
1,h_h001096,8,1,3,1
2,h_h001098,3,2,7,1
1,h_h001098,3,1,7,1
3,h_h001098,5,1,3,1
2,h_h001101,7,2,3,1
1,h_h001101,7,2,3,1
3,h_h001101,7,2,3,3
1,h_h001102,8,2,3,1
2,h_h001103,7,1,3,1
1,h_h001103,7,1,3,1
1,h_h001106,8,1,4,1
1,h_h001113,8,2,3,1
1,h_h001117,7,2,3,1
2,h_h001120,5,2,5,3
1,h_h001120,2,2,1,1
3,h_h001120,3,2,8,3
1,h_h001121,7,1,3,1
1,h_h001124,7,1,6,2
1,h_h001125,8,1,4,1
1,h_h001127,8,1,3,1
1,h_h001129,1,1,3,1
1,h_h001131,1,1,5,1
2,h_h001136,2,1,1,1
1,h_h001136,1,1,4,1
1,h_h001140,5,2,3,1
1,h_h001146,8,1,3,1
1,h_h001148,8,1,3,1
1,h_h001151,3,1,6,1
3,h_h001151,5,2,3,1
2,h_h001151,3,2,6,1
5,h_h001152,7,2,3,1
2,h_h001152,7,2,3,1
4,h_h001152,7,2,3,1
1,h_h001152,7,2,3,1
3,h_h001152,7,2,3,1
1,h_h001156,1,1,5,1
3,h_h001156,2,1,1,1
2,h_h001156,2,1,1,1
2,h_h001157,7,2,4,3
1,h_h001157,7,2,4,1
3,h_h001157,7,2,4,3
1,h_h001160,8,1,3,1
1,h_h001161,8,1,3,1
1,h_h001162,8,1,5,3
3,h_h001167,3,2,8,1
2,h_h001167,3,1,8,1
1,h_h001167,5,2,6,1
1,h_h001168,8,1,3,1
1,h_h001171,9,2,5,1
2,h_h001171,9,2,6,1
1,h_h001182,1,1,6,2
2,h_h001182,2,2,3,3
1,h_h001183,8,1,3,3
3,h_h001183,9,1,3,3
2,h_h001183,7,2,3,3
3,h_h001184,7,1,4,2
2,h_h001184,7,1,4,2
1,h_h001184,7,2,4,2
1,h_h001185,8,1,3,1
1,h_h001188,1,1,4,1
2,h_h001195,7,2,3,1
1,h_h001195,7,1,3,1
3,h_h001195,7,2,3,1
1,h_h001196,7,2,3,1
1,h_h001198,1,1,4,1
2,h_h001198,2,1,1,1
1,h_h001203,1,1,4,1
3,h_h001203,2,2,1,1
2,h_h001203,2,1,2,1
1,h_h001206,7,2,3,1
1,h_h001207,7,1,5,1
1,h_h001208,7,2,3,3
2,h_h001208,7,2,3,3
3,h_h001210,5,1,3,1
2,h_h001210,3,2,6,1
1,h_h001210,3,1,6,1
1,h_h001211,8,1,4,1
1,h_h001213,7,2,6,1
1,h_h001214,8,1,3,1
1,h_h001215,5,2,3,2
1,h_h001223,9,1,6,1
1,h_h001224,1,1,6,1
3,h_h001224,5,2,4,1
2,h_h001224,2,1,1,1
1,h_h001229,1,1,5,1
3,h_h001229,2,2,1,1
2,h_h001229,2,2,1,1
2,h_h001230,2,2,1,1
4,h_h001230,6,1,4,3
6,h_h001230,6,2,1,3
8,h_h001230,6,1,5,3
10,h_h001230,6,2,2,3
1,h_h001230,1,1,4,1
3,h_h001230,3,2,7,3
5,h_h001230,6,2,5,3
7,h_h001230,6,2,1,3
9,h_h001230,6,2,2,3
1,h_h001233,8,1,4,1
2,h_h001234,3,2,6,1
1,h_h001234,3,1,6,1
2,h_h001235,7,2,3,1
1,h_h001235,7,2,3,1
3,h_h001235,7,2,3,3
1,h_h001236,8,1,3,1
1,h_h001240,7,2,3,1
1,h_h001247,6,2,3,1
1,h_h001250,8,2,3,1
1,h_h001252,3,2,6,1
2,h_h001253,2,2,1,1
1,h_h001253,1,1,4,1
3,h_h001253,3,2,7,1
1,h_h001254,5,2,5,1
3,h_h001254,6,2,1,1
2,h_h001254,6,2,1,1
2,h_h001255,7,2,3,1
1,h_h001255,7,2,3,1
2,h_h001258,7,2,3,1
4,h_h001258,7,1,2,1
6,h_h001258,7,1,3,1
1,h_h001258,7,2,2,1
3,h_h001258,7,1,2,1
5,h_h001258,7,1,3,1
7,h_h001258,7,1,3,1
1,h_h001260,1,1,5,1
3,h_h001260,2,2,1,1
2,h_h001260,2,1,1,1
1,h_h001261,3,2,7,3
1,h_h001262,7,2,5,1
2,h_h001269,11,1,2,2
1,h_h001269,8,2,3,1
2,h_h001270,7,2,3,1
1,h_h001270,7,1,4,1
1,h_h001275,7,1,3,1
1,h_h001279,7,1,3,1
3,h_h001279,7,2,3,1
2,h_h001279,7,1,3,1
4,h_h001279,7,2,3,1
1,h_h001280,2,2,3,1
2,h_h001280,11,1,4,1
1,h_h001282,1,1,5,1
1,h_h001283,3,2,8,1
1,h_h001287,1,2,5,1
2,h_h001288,2,2,3,3
1,h_h001288,3,2,8,1
3,h_h001288,6,2,5,3
1,h_h001292,1,1,3,1
1,h_h001293,2,2,3,1
2,h_h001297,7,1,3,1
1,h_h001297,7,1,3,1
3,h_h001297,7,1,3,1
12,h_h001299,6,1,7,3
14,h_h001299,6,2,6,3
16,h_h001299,6,2,7,3
1,h_h001299,5,2,5,1
3,h_h001299,6,2,2,1
5,h_h001299,3,2,8,3
7,h_h001299,6,1,5,3
9,h_h001299,6,2,2,3
11,h_h001299,6,2,6,3
13,h_h001299,6,2,7,3
15,h_h001299,6,1,6,3
2,h_h001299,5,1,6,1
4,h_h001299,6,2,2,1
6,h_h001299,6,2,8,3
8,h_h001299,6,2,5,3
10,h_h001299,6,1,1,3
1,h_h001301,8,1,4,1
1,h_h001306,8,1,3,1
1,h_h001309,8,1,4,1
1,h_h001314,7,2,3,1
1,h_h001316,7,2,3,1
1,h_h001317,8,1,4,1
2,h_h001326,9,1,3,1
1,h_h001326,9,1,3,2
3,h_h001326,9,2,3,1
1,h_h001330,1,1,5,1
2,h_h001330,2,1,1,1
3,h_h001336,2,1,2,1
2,h_h001336,2,1,2,1
1,h_h001336,1,1,5,1
1,h_h001338,8,1,3,1
1,h_h001340,8,1,4,1
1,h_h001345,7,2,3,1
1,h_h001355,1,1,5,1
1,h_h001359,8,1,3,1
1,h_h001364,1,1,4,1
3,h_h001364,2,1,1,1
2,h_h001364,2,2,1,1
1,h_h001365,8,1,3,1
1,h_h001366,7,1,3,1
2,h_h001366,7,1,3,3
1,h_h001371,8,1,3,1
1,h_h001372,9,2,5,1
1,h_h001375,7,2,5,1
3,h_h001375,11,1,1,1
2,h_h001375,2,2,1,1
1,h_h001382,8,1,3,1
2,h_h001385,2,1,2,1
1,h_h001385,1,1,5,1
3,h_h001385,2,1,2,1
1,h_h001392,8,1,4,1
1,h_h001393,8,1,3,3
1,h_h001397,8,2,3,1
4,h_h001398,2,1,1,1
1,h_h001398,1,1,5,1
3,h_h001398,2,2,2,1
2,h_h001398,2,2,2,1
1,h_h001404,8,1,3,1
1,h_h001406,3,2,7,1
1,h_h001415,8,1,3,3
1,h_h001416,7,2,3,1
3,h_h001416,7,2,3,1
2,h_h001416,7,2,3,1
4,h_h001416,7,1,3,1
1,h_h001421,7,2,4,1
1,h_h001428,3,2,6,1
1,h_h001429,7,2,3,1
3,h_h001429,7,2,3,1
2,h_h001429,7,2,3,1
2,h_h001433,1,2,5,3
1,h_h001433,2,1,2,1
1,h_h001434,8,1,3,1
1,h_h001438,8,2,3,1
1,h_h001443,3,2,6,1
1,h_h001447,8,1,4,1
1,h_h001451,8,1,4,1
1,h_h001453,8,1,3,1
1,h_h001458,3,1,6,1
3,h_h001458,5,1,3,1
2,h_h001458,3,2,6,1
1,h_h001462,7,2,3,1
1,h_h001464,7,2,4,3
1,h_h001465,8,1,5,1
1,h_h001466,5,2,4,1
3,h_h001466,3,2,7,1
2,h_h001466,3,1,7,1
1,h_h001468,1,2,5,1
1,h_h001473,8,1,3,1
1,h_h001477,8,1,3,1
1,h_h001478,7,1,3,1
1,h_h001481,8,2,3,3
1,h_h001482,1,2,5,1
1,h_h001492,1,1,7,1
3,h_h001492,2,2,3,1
2,h_h001492,2,2,3,1
1,h_h001493,3,1,7,1
3,h_h001493,5,1,4,1
2,h_h001493,3,2,7,1
4,h_h001493,6,2,4,1
1,h_h001494,1,1,4,1
1,h_h001497,8,2,3,1
1,h_h001502,8,1,3,1
1,h_h001511,7,2,3,3
2,h_h001516,2,2,1,1
1,h_h001516,1,2,4,1
3,h_h001516,2,2,1,1
1,h_h001518,8,1,4,1
2,h_h001519,2,2,2,1
1,h_h001519,1,1,5,1
3,h_h001519,2,2,1,1
1,h_h001520,1,1,4,1
2,h_h001526,7,2,3,1
1,h_h001526,7,2,3,1
1,h_h001529,7,2,3,1
3,h_h001529,7,2,3,1
2,h_h001529,7,2,3,1
1,h_h001530,3,1,7,2
3,h_h001530,1,1,4,1
2,h_h001530,3,2,7,2
4,h_h001530,2,1,1,1
1,h_h001533,1,1,4,1
1,h_h001535,1,1,4,1
1,h_h001537,7,2,3,1
2,h_h001538,3,2,6,1
1,h_h001538,3,1,6,1
3,h_h001538,5,2,3,1
1,h_h001541,3,2,7,1
2,h_h001541,6,2,6,1
1,h_h001542,7,2,4,1
1,h_h001543,7,2,6,1
3,h_h001543,7,2,6,1
2,h_h001543,7,2,6,1
1,h_h001553,8,1,4,1
1,h_h001557,8,1,3,1
1,h_h001560,8,2,3,3
2,h_h001563,3,2,6,1
1,h_h001563,3,1,6,1
1,h_h001566,1,2,4,1
1,h_h001570,5,1,4,1
3,h_h001570,8,1,3,1
2,h_h001570,5,1,3,1
1,h_h001574,7,2,3,1
1,h_h001581,8,1,4,1
1,h_h001595,1,2,4,1
1,h_h001603,7,1,3,3
1,h_h001607,2,2,1,1
1,h_h001610,8,1,3,1
5,h_h001612,2,1,1,1
2,h_h001612,3,2,8,1
4,h_h001612,2,2,1,1
1,h_h001612,1,2,5,1
3,h_h001612,2,1,1,1
2,h_h001614,2,1,1,1
1,h_h001614,1,1,5,1
2,h_h001615,2,1,1,1
1,h_h001615,1,2,5,1
1,h_h001617,7,2,3,1
1,h_h001618,8,1,3,1
1,h_h001620,7,2,4,1
1,h_h001643,1,1,5,1
1,h_h001655,8,2,3,1
2,h_h001660,2,2,1,1
1,h_h001660,1,1,5,1
1,h_h001662,8,1,3,3
1,h_h001666,7,2,4,3
1,h_h001670,1,1,4,1
3,h_h001670,2,2,1,1
2,h_h001670,2,2,2,1
1,h_h001671,7,1,6,1
1,h_h001676,7,2,3,1
1,h_h001686,8,1,3,1
1,h_h001688,2,2,1,1
1,h_h001690,1,2,3,1
2,h_h001690,2,2,1,1
1,h_h001693,8,1,3,1
1,h_h001695,3,1,6,1
2,h_h001695,3,2,6,1
1,h_h001699,7,2,3,1
1,h_h001700,2,1,3,1
2,h_h001700,2,2,3,1
1,h_h001703,7,2,4,1
1,h_h001705,7,2,7,1
1,h_h001706,8,2,3,1
1,h_h001713,3,2,7,1
1,h_h001719,7,2,3,1
1,h_h001720,5,2,3,1
1,h_h001726,1,1,5,1
2,h_h001726,2,1,1,1
1,h_h001727,1,2,4,1
3,h_h001727,3,2,6,1
2,h_h001727,3,1,6,1
2,h_h001728,3,2,6,1
1,h_h001728,3,1,6,1
1,h_h001730,8,1,3,1
1,h_h001731,5,1,3,1
1,h_h001737,3,1,6,1
3,h_h001737,5,2,3,1
2,h_h001737,3,2,6,1
2,h_h001739,3,2,6,1
1,h_h001739,3,1,6,1
1,h_h001742,1,1,4,1
2,h_h001742,2,2,4,1
1,h_h001744,7,2,3,1
2,h_h001744,7,2,3,1
1,h_h001750,1,1,4,1
1,h_h001752,7,2,4,1
1,h_h001767,1,1,5,1
2,h_h001767,2,2,1,1
1,h_h001784,8,1,4,1
1,h_h001788,1,2,6,1
2,h_h001788,2,1,1,1
1,h_h001789,7,2,3,1
1,h_h001794,8,1,3,1
3,h_h001796,5,2,3,3
2,h_h001796,3,2,6,3
1,h_h001796,3,1,6,3
1,h_h001797,8,1,3,1
1,h_h001799,9,1,4,3
2,h_h001799,9,2,4,3
1,h_h001803,5,2,3,3
1,h_h001807,3,1,6,2
3,h_h001807,5,2,3,1
2,h_h001807,3,2,6,2
1,h_h001819,1,1,4,1
1,h_h001820,7,2,4,1
1,h_h001831,8,2,4,1
1,h_h001843,8,1,4,1
1,h_h001844,5,2,3,2
1,h_h001849,1,1,5,1
3,h_h001849,2,1,2,1
2,h_h001849,2,2,2,1
2,h_h001850,2,1,2,1
1,h_h001850,1,2,5,1
3,h_h001850,3,2,8,1
1,h_h001853,8,1,3,1
1,h_h001860,8,2,3,1
1,h_h001861,1,1,4,1
1,h_h001863,8,1,3,1
2,h_h001865,2,1,1,1
1,h_h001865,1,2,5,1
1,h_h001873,8,1,3,1
2,h_h001874,2,1,1,1
1,h_h001874,1,1,5,1
3,h_h001874,2,1,1,1
1,h_h001883,7,2,4,3
1,h_h001889,7,2,3,1
1,h_h001898,7,2,3,1
1,h_h001903,7,2,6,2
1,h_h001905,5,2,4,1
1,h_h001906,5,2,3,1
2,h_h001910,2,2,1,1
1,h_h001910,1,1,4,1
1,h_h001913,7,2,3,1
1,h_h001919,2,2,2,1
2,h_h001919,2,2,2,1
1,h_h001933,8,1,4,1
2,h_h001938,10,2,4,1
4,h_h001938,10,2,3,1
1,h_h001938,10,2,4,1
3,h_h001938,10,2,3,1
1,h_h001955,8,1,3,1
2,h_h001959,7,1,4,1
1,h_h001959,7,1,4,1
1,h_h001961,8,1,3,3
2,h_h001966,7,2,4,3
1,h_h001966,7,2,4,3
1,h_h001976,1,2,4,1
2,h_h001976,2,1,1,1
1,h_h001978,1,2,4,1
1,h_h001984,7,2,3,1
1,h_h001985,8,2,3,1
2,h_h001988,2,2,4,1
1,h_h001988,2,2,4,1
2,h_h001989,2,1,2,1
1,h_h001989,1,1,5,1
3,h_h001989,2,1,2,1
1,h_h001999,8,1,4,1
3,h_h002000,7,1,3,1
2,h_h002000,7,2,3,1
4,h_h002000,7,1,3,3
1,h_h002000,7,1,3,1
2,h_h002006,2,1,2,1
1,h_h002006,1,1,5,1
3,h_h002006,2,2,2,1
2,h_h002027,6,1,4,1
4,h_h002027,3,2,7,1
6,h_h002027,2,2,1,1
1,h_h002027,1,2,4,1
3,h_h002027,6,2,4,1
5,h_h002027,2,1,1,1
1,h_h002028,7,1,3,1
1,h_h002029,1,1,5,1
2,h_h002029,2,2,2,1
2,h_h002037,2,2,1,1
1,h_h002037,1,2,5,1
3,h_h002037,2,2,1,1
1,h_h002039,8,1,4,1
4,h_h002042,9,2,4,1
6,h_h002042,11,2,1,1
8,h_h002042,11,1,1,1
1,h_h002042,1,1,4,3
3,h_h002042,9,2,4,1
5,h_h002042,9,1,4,1
7,h_h002042,11,2,1,1
2,h_h002042,2,2,1,1
1,h_h002044,7,2,3,1
1,h_h002046,7,2,5,1
2,h_h002048,7,2,3,1
1,h_h002048,7,2,3,1
1,h_h002083,8,1,3,3
1,h_h002084,8,1,3,1
1,h_h002087,8,2,3,1
1,h_h002090,8,2,4,1
1,h_h002091,8,1,3,1
2,h_h002092,7,1,3,3
1,h_h002092,7,1,3,3
3,h_h002092,7,1,3,3
1,h_h002095,8,1,3,1
2,h_h002099,7,1,3,1
1,h_h002099,7,1,3,1
3,h_h002099,7,1,3,1
1,h_h002100,8,2,3,1
1,h_h002107,7,2,3,1
1,h_h002113,1,2,5,1
3,h_h002113,2,1,1,1
2,h_h002113,2,2,2,1
4,h_h002113,3,2,8,2
1,h_h002114,7,1,3,1
3,h_h002114,7,1,3,1
5,h_h002114,7,1,3,1
2,h_h002114,7,1,3,1
4,h_h002114,7,1,3,1
1,h_h002119,1,2,4,1
3,h_h002119,2,2,2,1
2,h_h002119,2,1,2,1
1,h_h002129,3,1,6,1
2,h_h002129,3,2,6,1
1,h_h002130,8,1,3,1
2,h_h002132,7,1,3,1
4,h_h002132,7,1,3,1
1,h_h002132,7,1,3,1
3,h_h002132,7,1,3,1
5,h_h002132,7,1,3,3
1,h_h002133,9,2,4,1
2,h_h002133,9,2,4,1
1,h_h002138,1,2,4,1
1,h_h002139,8,2,3,1
1,h_h002140,7,2,3,1
2,h_h002150,5,2,3,1
1,h_h002150,3,2,6,1
1,h_h002163,8,1,3,1
1,h_h002167,7,2,6,1
1,h_h002170,1,1,5,1
1,h_h002178,7,2,3,1
1,h_h002182,7,2,3,1
2,h_h002183,2,2,3,1
1,h_h002183,1,1,6,1
2,h_h002184,7,2,3,1
1,h_h002184,8,2,3,1
2,h_h002195,2,2,1,1
1,h_h002195,1,2,5,1
1,h_h002198,7,2,5,3
1,h_h002199,8,1,3,1
2,h_h002203,2,2,2,1
1,h_h002203,1,1,5,1
1,h_h002208,8,2,4,1
1,h_h002209,7,1,3,1
1,h_h002251,2,2,3,1
2,h_h002254,5,2,4,1
4,h_h002254,6,1,1,1
1,h_h002254,3,2,8,3
3,h_h002254,6,1,2,1
1,h_h002265,1,2,6,1
1,h_h002277,8,2,4,1
1,h_h002283,8,2,3,1
1,h_h002285,1,2,4,1
3,h_h002285,2,1,1,1
2,h_h002285,2,1,1,1
2,h_h002291,7,2,4,3
1,h_h002291,7,2,4,3
3,h_h002291,7,2,4,3
1,h_h002293,8,1,3,1
1,h_h002295,3,2,6,1
2,h_h002295,5,2,3,1
1,h_h002297,1,1,4,1
1,h_h002302,7,2,3,1
2,h_h002308,2,2,1,1
1,h_h002308,1,1,4,1
3,h_h002310,7,1,3,1
2,h_h002310,7,1,3,1
4,h_h002310,7,1,3,1
1,h_h002310,7,1,3,1
1,h_h002311,7,2,3,1
1,h_h002316,8,1,4,1
1,h_h002318,1,1,3,1
1,h_h002322,7,2,3,1
1,h_h002328,7,1,4,1
1,h_h002334,5,2,3,1
1,h_h002335,7,2,3,1
1,h_h002338,7,2,3,1
1,h_h002345,10,1,3,3
2,h_h002345,7,2,3,3
1,h_h002347,7,2,3,1
1,h_h002354,8,2,3,1
1,h_h002356,8,1,3,3
1,h_h002358,8,1,3,1
1,h_h002367,7,2,3,1
2,h_h002367,7,2,3,1
1,h_h002371,8,2,3,1
1,h_h002376,8,1,3,1
1,h_h002378,8,2,3,1
1,h_h002379,7,2,3,1
1,h_h002387,5,2,4,1
2,h_h002387,5,2,3,2
1,h_h002389,7,2,3,3
2,h_h002395,3,2,6,1
1,h_h002395,3,1,7,1
3,h_h002395,5,1,3,1
1,h_h002396,8,1,3,1
2,h_h002406,9,1,3,1
1,h_h002406,9,1,3,1
3,h_h002406,9,1,3,2
1,h_h002416,3,2,6,1
1,h_h002421,8,2,3,1
2,h_h002428,11,2,4,3
1,h_h002428,2,1,4,3
3,h_h002428,11,1,1,3
1,h_h002433,8,1,3,1
1,h_h002435,8,2,3,1
1,h_h002444,8,1,3,1
2,h_h002448,3,1,6,1
1,h_h002448,1,1,4,1
3,h_h002448,3,2,6,1
1,h_h002449,8,2,4,1
1,h_h002452,8,1,3,1
1,h_h002454,1,1,5,1
1,h_h002466,1,1,5,1
2,h_h002466,2,2,1,1
1,h_h002474,1,2,5,1
3,h_h002474,2,1,1,1
2,h_h002474,2,1,2,1
2,h_h002476,5,2,3,1
1,h_h002476,3,2,6,1
3,h_h002476,2,1,1,1
1,h_h002477,8,2,3,3
1,h_h002489,7,2,3,1
1,h_h002492,1,2,4,1
2,h_h002492,2,1,1,1
1,h_h002493,2,2,2,1
2,h_h002493,2,2,2,1
2,h_h002496,3,2,6,1
1,h_h002496,3,1,7,1
3,h_h002496,5,1,3,1
1,h_h002498,1,2,4,1
2,h_h002498,2,1,1,1
1,h_h002502,8,1,3,1
1,h_h002503,7,2,3,1
2,h_h002504,2,1,1,1
1,h_h002504,1,1,5,1
3,h_h002504,2,2,1,1
2,h_h002513,3,2,7,1
4,h_h002513,5,1,4,3
1,h_h002513,1,1,4,1
3,h_h002513,3,1,7,3
5,h_h002513,2,1,1,1
2,h_h002527,3,2,7,1
1,h_h002527,3,1,7,1
1,h_h002530,5,2,4,1
1,h_h002533,1,1,4,1
3,h_h002539,7,2,3,1
2,h_h002539,7,2,3,1
1,h_h002539,7,2,3,1
1,h_h002540,8,1,3,1
1,h_h002544,8,1,3,1
4,h_h002545,5,1,4,1
1,h_h002545,1,2,4,1
3,h_h002545,3,2,7,1
5,h_h002545,6,2,4,1
2,h_h002545,3,1,7,1
1,h_h002548,3,2,6,3
1,h_h002550,1,1,4,1
1,h_h002552,7,2,3,1
1,h_h002555,8,1,3,1
2,h_h002556,5,2,3,1
1,h_h002556,3,2,6,1
1,h_h002564,8,2,3,3
1,h_h002565,7,2,4,1
1,h_h002570,8,1,3,1
2,h_h002587,3,2,6,1
1,h_h002587,3,1,6,3
1,h_h002588,3,2,7,1
3,h_h002588,5,1,3,1
2,h_h002588,5,2,5,1
1,h_h002592,2,2,2,1
1,h_h002597,1,2,4,1
1,h_h002608,1,1,4,1
2,h_h002610,6,1,1,1
1,h_h002610,5,2,4,1
2,h_h002611,7,2,5,3
1,h_h002611,7,2,3,1
1,h_h002625,1,1,7,1
2,h_h002625,2,1,4,1
1,h_h002629,3,2,7,1
2,h_h002629,2,2,1,1
1,h_h002631,8,1,3,1
2,h_h002632,7,2,4,1
1,h_h002632,7,2,4,1
1,h_h002633,8,1,3,1
1,h_h002653,8,1,4,1
1,h_h002656,7,2,4,1
2,h_h002656,7,2,4,1
1,h_h002657,8,1,3,1
1,h_h002658,1,2,4,1
1,h_h002659,1,1,4,1
1,h_h002665,7,2,3,3
1,h_h002667,8,2,3,1
1,h_h002694,1,1,5,1
3,h_h002694,9,1,5,1
2,h_h002694,2,1,1,1
4,h_h002694,9,1,5,1
1,h_h002701,8,1,3,1
2,h_h002713,2,1,2,1
1,h_h002713,1,1,5,1
1,h_h002721,8,1,3,1
1,h_h002723,1,1,5,1
3,h_h002723,2,2,2,1
2,h_h002723,2,1,2,1
4,h_h002726,6,2,2,1
1,h_h002726,2,2,2,1
3,h_h002726,5,2,5,1
2,h_h002726,2,2,1,1
1,h_h002730,8,2,3,1
1,h_h002733,3,1,6,1
3,h_h002733,5,2,3,1
2,h_h002733,3,2,6,1
4,h_h002733,5,1,3,1
1,h_h002734,7,2,4,1
1,h_h002751,8,2,3,1
2,h_h002768,2,1,1,1
1,h_h002768,1,1,4,1
3,h_h002771,6,1,1,1
2,h_h002771,6,1,1,1
1,h_h002771,5,2,5,1
1,h_h002778,7,2,3,1
1,h_h002779,7,2,3,1
1,h_h002785,7,2,4,1
1,h_h002792,1,1,5,1
3,h_h002792,2,1,1,1
2,h_h002792,2,1,2,1
1,h_h002796,7,2,3,1
1,h_h002809,1,1,5,3
1,h_h002815,3,1,6,1
1,h_h002819,8,1,3,1
2,h_h002820,3,2,6,1
1,h_h002820,3,1,6,1
3,h_h002820,5,1,3,1
2,h_h002832,7,2,3,1
1,h_h002832,7,2,3,1
3,h_h002832,7,2,3,1
1,h_h002842,8,1,3,1
1,h_h002843,8,2,3,1
2,h_h002847,2,2,5,1
4,h_h002847,2,1,6,1
6,h_h002847,2,2,2,1
8,h_h002847,2,1,2,1
1,h_h002847,1,1,8,1
3,h_h002847,2,1,5,1
5,h_h002847,2,2,5,1
7,h_h002847,2,2,2,1
1,h_h002865,8,1,3,1
1,h_h002866,3,2,6,1
2,h_h002866,5,1,4,1
1,h_h002868,1,1,6,1
3,h_h002868,2,1,3,1
2,h_h002868,2,2,3,1
1,h_h002873,7,2,4,1
1,h_h002889,8,2,3,1
1,h_h002899,1,2,4,1
2,h_h002899,3,2,7,1
2,h_h002905,11,2,4,1
1,h_h002905,8,2,3,1
3,h_h002905,11,1,4,1
1,h_h002913,7,2,4,1
1,h_h002927,7,1,4,1
2,h_h002934,3,2,7,1
1,h_h002934,3,1,7,1
1,h_h002941,8,2,3,1
1,h_h002948,1,1,4,1
2,h_h002948,2,1,1,1
1,h_h002955,8,2,3,1
1,h_h002964,8,2,3,1
1,h_h002976,8,1,4,1
1,h_h002977,2,2,1,1
2,h_h002982,7,2,3,1
1,h_h002982,7,2,3,1
1,h_h002994,8,1,3,1
1,h_h002995,8,1,3,1
1,h_h003006,8,2,3,3
1,h_h003009,7,2,3,1
2,h_h003009,7,2,3,3
1,h_h003012,8,2,3,1
1,h_h003036,8,1,4,1
2,h_h003038,2,1,1,1
1,h_h003038,1,1,5,1
1,h_h003042,3,2,7,1
2,h_h003042,1,2,4,1
1,h_h003056,1,1,4,1
1,h_h003057,8,2,3,1
1,h_h003058,8,1,3,1
1,h_h003082,7,2,3,1
2,h_h003092,8,1,3,1
1,h_h003092,7,2,3,1
3,h_h003092,7,1,3,1
1,h_h003094,8,2,4,1
4,h_h003096,7,1,4,2
1,h_h003096,7,2,3,1
3,h_h003096,7,2,3,2
2,h_h003096,7,2,3,1
1,h_h003101,7,1,3,1
2,h_h003111,2,2,2,1
1,h_h003111,1,1,4,1
1,h_h003121,8,2,3,1
1,h_h003123,8,1,4,1
2,h_h003135,2,2,1,1
1,h_h003135,1,1,4,1
1,h_h003136,8,1,4,1
1,h_h003140,9,2,4,3
1,h_h003142,7,2,3,1
3,h_h003142,7,2,3,1
2,h_h003142,7,2,3,1
1,h_h003148,8,1,3,1
1,h_h003159,7,1,3,1
1,h_h003190,8,1,3,1
1,h_h003191,8,1,3,1
1,h_h003195,8,1,3,1
2,h_h003197,2,2,3,1
1,h_h003197,1,2,6,1
3,h_h003197,2,1,3,1
1,h_h003204,8,2,3,1
1,h_h003217,8,2,3,1
2,h_h003219,7,2,3,1
4,h_h003219,7,2,3,1
1,h_h003219,7,1,3,1
3,h_h003219,7,2,3,1
5,h_h003219,7,2,3,1
1,h_h003223,8,1,3,1
1,h_h003243,8,1,3,3
1,h_h003263,7,1,6,3
1,h_h003265,1,2,4,1
1,h_h003273,1,1,4,1
2,h_h003273,2,1,1,1
2,h_h003277,2,2,1,1
4,h_h003277,3,1,7,1
6,h_h003277,5,2,4,1
8,h_h003277,6,1,1,1
1,h_h003277,1,1,4,1
3,h_h003277,2,2,1,1
5,h_h003277,3,2,7,1
7,h_h003277,6,1,4,1
1,h_h003278,7,2,6,1
1,h_h003299,8,1,4,1
1,h_h003308,8,1,3,1
1,h_h003322,8,2,3,1
1,h_h003327,7,2,3,1
1,h_h003330,8,2,3,1
2,h_h003331,2,2,2,1
1,h_h003331,2,2,1,1
1,h_h003332,8,2,3,1
1,h_h003337,3,1,5,1
3,h_h003337,5,2,2,1
5,h_h003337,7,1,2,3
2,h_h003337,3,2,5,1
4,h_h003337,8,1,3,1
1,h_h003340,1,2,4,1
3,h_h003340,2,2,1,1
2,h_h003340,2,2,1,1
1,h_h003343,1,2,4,1
1,h_h003344,8,2,4,1
2,h_h003346,7,2,3,1
1,h_h003346,7,2,3,1
1,h_h003347,1,2,4,1
1,h_h003350,8,1,4,1
1,h_h003353,5,1,2,1
2,h_h003355,3,2,6,1
1,h_h003355,3,1,6,1
3,h_h003355,5,2,3,1
1,h_h003359,1,2,7,1
1,h_h003373,8,1,4,1
1,h_h003383,8,2,4,1
1,h_h003386,8,1,3,1
2,h_h003389,2,1,2,1
4,h_h003389,5,1,4,1
1,h_h003389,1,1,5,1
3,h_h003389,2,2,2,1
1,h_h003405,7,1,3,1
1,h_h003406,5,2,3,1
1,h_h003410,7,2,3,1
1,h_h003431,8,1,3,1
1,h_h003441,8,1,3,1
1,h_h003443,8,1,4,1
2,h_h003443,7,1,4,1
1,h_h003444,1,2,4,1
3,h_h003444,2,2,1,1
2,h_h003444,2,1,1,1
1,h_h003448,1,1,7,1
1,h_h003451,7,2,4,1
1,h_h003453,8,1,3,1
1,h_h003477,7,2,3,1
2,h_h003477,7,2,3,1
1,h_h003481,1,2,5,1
3,h_h003481,2,2,2,1
2,h_h003481,2,1,2,1
2,h_h003483,7,2,3,3
1,h_h003483,8,1,3,1
3,h_h003483,7,1,3,1
1,h_h003507,8,2,3,1
1,h_h003514,8,1,3,1
2,h_h003524,7,2,6,1
1,h_h003524,2,2,4,1
1,h_h003531,7,2,3,1
1,h_h003536,8,2,3,1
1,h_h003539,8,2,3,1
1,h_h003540,7,2,3,1
3,h_h003540,7,2,3,1
2,h_h003540,7,1,3,1
1,h_h003543,8,2,3,1
1,h_h003553,8,1,3,1
1,h_h003556,3,2,6,1
3,h_h003556,5,2,4,1
2,h_h003556,3,1,6,1
2,h_h003560,2,1,2,1
1,h_h003560,1,2,5,1
3,h_h003560,2,2,1,1
1,h_h003561,7,1,3,1
3,h_h003561,7,1,3,1
2,h_h003561,7,1,3,1
1,h_h003563,8,1,3,1
1,h_h003565,1,1,5,1
1,h_h003567,8,2,3,1
1,h_h003570,8,1,3,3
1,h_h003571,8,1,3,1
1,h_h003572,8,1,3,1
1,h_h003576,8,2,3,1
1,h_h003578,1,1,4,1
2,h_h003578,2,1,1,1
1,h_h003579,7,2,3,1
2,h_h003588,3,1,6,1
1,h_h003588,3,2,6,1
2,h_h003596,2,1,1,1
1,h_h003596,1,1,4,1
1,h_h003599,8,2,3,1
2,h_h003614,3,2,6,3
1,h_h003614,3,1,7,3
3,h_h003614,5,2,3,3
1,h_h003619,8,2,3,1
1,h_h003627,8,1,3,1
1,h_h003629,8,1,3,1
1,h_h003637,8,1,3,1
1,h_h003638,8,1,4,1
1,h_h003641,3,1,7,1
3,h_h003641,2,2,1,1
2,h_h003641,1,1,4,1
1,h_h003642,8,1,4,1
1,h_h003654,1,1,4,1
2,h_h003660,2,2,2,1
1,h_h003660,1,1,5,1
1,h_h003671,7,2,4,1
5,h_h003684,6,2,8,2
2,h_h003684,3,2,6,2
4,h_h003684,4,2,8,2
1,h_h003684,3,1,6,2
3,h_h003684,5,2,3,2
1,h_h003692,1,1,3,1
1,h_h003702,8,1,4,1
2,h_h003703,2,1,1,1
4,h_h003703,7,2,4,2
6,h_h003703,11,2,1,2
1,h_h003703,1,1,5,1
3,h_h003703,2,1,1,1
5,h_h003703,7,1,4,2
7,h_h003703,11,1,1,2
1,h_h003720,3,2,6,1
3,h_h003722,2,2,3,1
2,h_h003722,2,1,3,1
1,h_h003722,1,2,6,1
1,h_h003723,8,1,4,1
1,h_h003724,8,2,3,1
1,h_h003726,8,1,3,1
1,h_h003727,1,1,5,1
1,h_h003729,8,1,3,3
1,h_h003731,8,2,3,3
1,h_h003744,7,2,3,1
1,h_h003763,7,2,7,1
3,h_h003763,7,2,7,1
5,h_h003763,7,2,7,1
2,h_h003763,7,2,7,1
4,h_h003763,7,2,7,1
1,h_h003774,8,1,3,1
1,h_h003778,8,2,3,1
1,h_h003783,8,1,3,1
2,h_h003789,4,2,8,1
4,h_h003789,6,2,6,1
6,h_h003789,6,1,2,1
1,h_h003789,3,2,6,1
3,h_h003789,6,2,5,1
5,h_h003789,6,1,3,1
3,h_h003790,7,2,3,1
2,h_h003790,7,2,3,1
1,h_h003790,7,2,3,1
1,h_h003791,8,1,3,1
2,h_h003808,2,1,2,1
1,h_h003808,1,1,5,3
3,h_h003808,2,1,2,1
1,h_h003827,3,2,5,1
1,h_h003842,8,2,4,1
1,h_h003849,8,2,4,2
1,h_h003867,8,1,4,1
1,h_h003871,1,1,4,1
1,h_h003876,2,2,5,1
1,h_h003880,1,1,8,1
3,h_h003880,11,1,5,1
2,h_h003880,2,1,5,1
4,h_h003880,11,1,2,1
1,h_h003885,3,2,5,1
1,h_h003906,8,1,4,3
1,h_h003920,8,1,3,1
1,h_h003953,7,2,3,1
1,h_h003961,8,2,3,1
2,h_h003978,2,2,1,1
1,h_h003978,1,1,4,1
1,h_h003980,7,2,5,3
1,h_h004032,7,1,3,2
1,h_h004045,8,2,3,1
1,h_h004055,8,2,3,1
1,h_h004060,8,1,3,1
1,h_h004063,8,2,3,1
1,h_h004082,8,1,3,1
2,h_h004099,8,2,3,1
1,h_h004099,3,1,7,3
1,h_h004101,7,1,5,1
1,h_h004102,5,2,3,1
1,h_h004105,1,1,4,1
1,h_h004108,8,1,3,1
1,h_h004109,7,2,3,1
1,h_h004118,7,2,3,1
1,h_h004119,8,1,3,1
1,h_h004133,8,1,3,1
1,h_h004143,7,1,3,1
1,h_h004146,8,1,3,1
1,h_h004150,1,1,4,1
3,h_h004154,5,1,3,3
2,h_h004154,3,2,6,1
1,h_h004154,3,1,6,1
1,h_h004163,8,1,3,1
1,h_h004179,8,1,3,1
1,h_h004184,8,2,3,1
1,h_h004193,3,2,6,1
2,h_h004193,5,1,3,1
1,h_h004204,9,1,3,1
2,h_h004204,9,2,3,1
1,h_h004206,5,2,3,1
1,h_h004208,2,2,3,1
1,h_h004211,8,1,3,1
1,h_h004215,7,2,4,1
1,h_h004216,7,2,4,1
1,h_h004218,7,2,3,1
1,h_h004219,8,2,3,1
1,h_h004220,7,1,4,1
1,h_h004223,8,2,3,1
1,h_h004224,7,1,3,1
3,h_h004224,7,2,3,3
2,h_h004224,7,2,3,1
2,h_h004225,3,2,6,1
4,h_h004225,5,2,3,1
1,h_h004225,3,1,6,1
3,h_h004225,5,1,3,1
1,h_h004226,5,2,3,1
1,h_h004233,8,1,3,1
1,h_h004234,2,1,2,1
2,h_h004234,2,2,2,1
1,h_h004242,3,2,6,1
1,h_h004244,8,2,4,1
1,h_h004251,7,2,3,1
1,h_h004288,2,2,3,1
1,h_h004298,8,1,3,1
1,h_h004315,8,1,3,1
2,h_h004324,2,2,1,1
1,h_h004324,1,2,4,1
1,h_h004325,2,2,3,1
1,h_h004326,8,2,3,1
1,h_h004327,7,2,3,3
2,h_h004330,2,1,2,1
1,h_h004330,1,1,5,1
3,h_h004330,2,1,1,1
1,h_h004331,8,2,3,1
2,h_h004348,2,2,1,1
1,h_h004348,1,1,4,1
1,h_h004351,3,2,6,1
1,h_h004359,7,2,4,1
1,h_h004362,7,2,3,1
3,h_h004362,7,2,3,1
2,h_h004362,7,2,3,1
2,h_h004363,5,2,3,1
1,h_h004363,5,2,3,1
2,h_h004365,2,2,1,1
1,h_h004365,1,2,4,1
1,h_h004376,7,2,5,1
1,h_h004385,8,1,3,1
1,h_h004386,8,1,4,1
1,h_h004399,1,2,5,1
1,h_h004402,7,2,3,1
1,h_h004406,1,2,5,1
3,h_h004406,2,2,1,1
2,h_h004406,2,2,1,1
4,h_h004406,2,2,1,1
1,h_h004410,7,2,3,1
1,h_h004411,8,2,3,1
1,h_h004415,8,2,3,1
1,h_h004427,8,1,4,1
2,h_h004446,5,1,3,1
1,h_h004446,3,2,5,1
1,h_h004459,1,1,5,1
1,h_h004474,8,1,4,1
1,h_h004492,5,2,3,1
1,h_h004499,3,2,6,1
1,h_h004515,8,2,3,1
1,h_h004523,8,2,3,1
1,h_h004552,1,1,3,1
1,h_h004573,8,1,3,1
1,h_h004577,5,2,3,1
1,h_h004579,7,2,3,1
1,h_h004593,8,1,3,1
2,h_h004611,2,1,1,1
1,h_h004611,1,1,5,1
3,h_h004611,2,2,1,1
1,h_h004636,7,2,3,1
1,h_h004640,8,2,3,1
1,h_h004654,8,1,3,1
1,h_h004660,7,2,3,1
1,h_h004696,8,1,3,1
1,h_h004712,7,2,3,1
1,h_h004721,8,1,3,1
1,h_h004732,7,2,3,1
1,h_h004739,5,2,3,1
1,h_h004752,7,2,3,1
1,h_h004754,3,1,6,1
1,h_h004755,7,2,3,1
2,h_h004757,7,2,3,1
1,h_h004757,7,2,3,1
1,h_h004773,5,2,3,1
2,h_h004796,3,2,6,3
1,h_h004796,3,1,6,3
3,h_h004796,8,1,3,1
4,h_h004845,7,1,3,1
1,h_h004845,7,1,3,1
3,h_h004845,7,1,3,1
2,h_h004845,7,1,3,1
1,h_h004851,7,2,3,2
1,h_h004860,7,2,3,1
2,h_h004860,7,2,3,1
1,h_h004876,8,1,3,1
2,h_h004877,4,2,8,1
4,h_h004877,5,1,4,3
1,h_h004877,4,1,8,1
3,h_h004877,1,1,4,1
5,h_h004877,5,2,3,3
1,h_h004911,3,2,7,1
1,h_h004919,8,1,3,1
1,h_h004920,8,1,3,1
1,h_h004947,2,2,3,1
1,h_h004949,6,1,5,1
1,h_h004968,8,1,3,1
1,h_h004977,1,2,4,1
1,h_h004992,7,2,3,1
2,h_h004997,3,2,6,1
4,h_h004997,5,2,3,1
6,h_h004997,5,2,4,3
8,h_h004997,6,1,1,3
1,h_h004997,3,1,7,1
3,h_h004997,5,2,3,1
5,h_h004997,5,1,3,1
7,h_h004997,6,1,4,3
2,h_h004998,3,2,6,3
1,h_h004998,3,1,6,3
3,h_h004998,5,1,3,3
1,h_h004999,3,2,6,1
1,h_h005014,7,2,3,1
1,h_h005017,1,1,5,1
2,h_h005017,2,1,2,1
1,h_h005028,8,1,3,1
1,h_h005037,8,2,3,1
2,h_h005044,5,2,3,1
1,h_h005044,3,2,6,1
2,h_h005052,7,2,3,1
1,h_h005052,7,2,3,1
3,h_h005052,7,2,3,1
1,h_h005058,2,2,1,1
1,h_h005060,8,1,3,1
1,h_h005061,8,2,3,1
2,h_h005062,7,1,4,1
1,h_h005062,7,1,4,1
1,h_h005063,7,2,3,1
2,h_h005066,7,1,3,1
1,h_h005066,7,2,3,1
1,h_h005082,1,1,4,1
2,h_h005082,2,2,1,1
1,h_h005086,7,2,3,1
2,h_h005086,7,2,3,1
1,h_h005113,8,1,3,1
2,h_h005124,9,2,4,1
1,h_h005124,9,2,4,1
2,h_h005136,7,2,3,1
1,h_h005136,7,2,3,1
1,h_h005138,4,1,7,1
3,h_h005138,6,2,2,1
5,h_h005138,2,1,1,1
2,h_h005138,4,2,6,1
4,h_h005138,1,1,4,1
1,h_h005149,8,1,3,1
1,h_h005150,1,2,4,1
1,h_h005177,8,1,3,1
1,h_h005181,8,2,3,1
2,h_h005184,7,2,3,1
1,h_h005184,7,2,3,2
1,h_h005198,8,1,4,1
1,h_h005200,8,1,3,1
1,h_h005201,8,1,4,1
1,h_h005208,8,1,3,1
1,h_h005212,7,2,3,1
3,h_h005212,7,2,3,1
2,h_h005212,7,2,3,1
2,h_h005217,2,2,1,1
1,h_h005217,1,2,4,1
1,h_h005233,8,2,3,1
1,h_h005234,8,1,4,1
2,h_h005238,7,2,3,1
1,h_h005238,7,2,3,1
1,h_h005245,9,2,4,1
1,h_h005252,8,1,3,1
2,h_h005253,2,2,4,1
1,h_h005253,2,2,4,1
1,h_h005264,8,2,3,3
1,h_h005267,7,1,3,1
1,h_h005271,8,1,4,1
1,h_h005274,8,2,3,1
1,h_h005280,8,2,3,1
1,h_h005288,1,2,4,1
2,h_h005297,11,1,3,3
1,h_h005297,7,1,3,3
1,h_h005298,8,1,3,1
1,h_h005309,8,1,3,1
1,h_h005311,5,2,4,1
2,h_h005312,7,2,3,1
1,h_h005312,7,2,3,1
1,h_h005342,7,2,4,1
3,h_h005342,7,2,4,1
2,h_h005342,7,2,4,1
4,h_h005342,7,2,4,1
1,h_h005345,7,2,3,1
1,h_h005365,8,1,3,1
1,h_h005366,8,1,3,1
3,h_h005367,2,1,3,1
2,h_h005367,2,2,3,1
1,h_h005367,1,1,6,1
1,h_h005369,7,2,3,1
1,h_h005377,8,1,4,1
1,h_h005390,8,1,4,1
1,h_h005428,8,1,3,1
3,h_h005433,7,1,3,3
2,h_h005433,7,1,3,1
1,h_h005433,7,1,3,1
2,h_h005434,2,2,2,1
1,h_h005434,1,1,5,1
3,h_h005434,2,2,2,1
1,h_h005435,5,2,3,1
1,h_h005437,3,2,6,1
1,h_h005441,1,2,5,1
3,h_h005441,2,2,2,1
2,h_h005441,2,1,2,1
4,h_h005441,2,1,1,1
1,h_h005448,7,2,3,1
1,h_h005455,1,2,5,1
1,h_h005459,8,1,3,1
1,h_h005461,7,2,3,1
1,h_h005462,8,1,3,1
1,h_h005464,5,2,3,1
1,h_h005466,8,1,3,1
1,h_h005492,3,1,8,1
3,h_h005492,1,1,5,1
2,h_h005492,3,2,8,1
4,h_h005492,2,1,1,1
1,h_h005494,3,2,6,1
2,h_h005494,4,2,8,1
1,h_h005495,7,1,3,1
1,h_h005501,8,2,4,1
3,h_h005501,7,2,4,1
2,h_h005501,7,1,4,1
1,h_h005509,8,1,3,1
1,h_h005518,8,1,3,1
2,h_h005535,2,1,1,1
1,h_h005535,1,1,5,1
1,h_h005559,8,2,4,1
1,h_h005580,8,1,3,1
1,h_h005583,7,1,3,1
2,h_h005583,7,1,3,1
1,h_h005586,1,1,6,1
1,h_h005589,1,1,4,1
2,h_h005590,5,2,3,1
1,h_h005590,3,2,6,1
1,h_h005624,2,1,1,1
1,h_h005641,7,2,3,1
1,h_h005644,8,1,3,1
1,h_h005655,8,1,3,1
1,h_h005680,1,1,4,1
1,h_h005700,1,2,4,1
2,h_h005700,2,2,1,1
2,h_h005713,2,2,1,1
1,h_h005713,1,1,4,1
1,h_h005746,8,1,3,1
1,h_h005771,5,2,3,1
1,h_h005798,8,1,4,1
1,h_h005841,8,2,3,1
1,h_h005842,8,1,4,1
1,h_h005851,7,1,3,1
1,h_h005857,8,2,4,1
1,h_h005858,8,2,3,1
1,h_h005865,3,2,6,1
1,h_h005884,8,2,3,1
1,h_h005888,3,2,6,2
2,h_h005889,7,1,4,1
1,h_h005889,7,2,3,3
1,h_h005912,1,2,5,1
1,h_h005917,8,1,4,1
1,h_h005922,8,2,4,1
1,h_h005951,8,1,3,1
3,h_h005951,7,2,3,1
2,h_h005951,7,1,3,1
1,h_h005955,1,1,4,1
1,h_h005958,1,2,4,1
3,h_h005958,2,1,1,1
2,h_h005958,2,2,1,1
2,h_h005961,2,1,1,1
1,h_h005961,1,2,4,1
1,h_h006083,9,1,4,1
3,h_h006083,10,1,5,2
5,h_h006083,10,2,5,3
2,h_h006083,10,1,5,3
4,h_h006083,10,2,4,2
6,h_h006083,10,2,5,3
1,h_h006101,1,2,5,1
2,h_h006102,6,2,1,1
1,h_h006102,3,2,7,1
1,h_h006152,8,1,3,1
1,h_h006192,3,2,6,1
1,h_h006303,1,1,4,1
3,h_h006303,2,1,1,1
2,h_h006303,2,1,1,1
2,h_h006304,10,2,3,3
1,h_h006304,1,1,5,1
3,h_h006304,10,1,4,3
1,h_h006321,7,2,4,1
1,h_h006332,2,2,1,1
1,h_h006338,3,2,6,1
1,h_h006375,8,1,4,1
1,h_h006395,7,2,3,1
1,h_h006398,1,2,6,1
1,h_h006402,8,1,3,1
1,h_h006416,3,1,6,1
1,h_h006433,1,1,5,1
3,h_h006433,2,2,2,1
2,h_h006433,2,2,2,1
2,h_h006434,2,2,2,1
1,h_h006434,1,2,5,1
3,h_h006434,2,1,2,1
1,h_h006435,1,1,5,1
1,h_h006438,8,1,4,1
1,h_h006439,7,2,5,1
1,h_h006440,1,1,5,1
3,h_h006440,2,2,1,1
2,h_h006440,2,2,1,1
2,h_h006443,2,1,2,1
1,h_h006443,1,2,5,1
3,h_h006443,2,1,2,3
1,h_h006450,1,2,4,1
3,h_h006450,3,2,1,1
2,h_h006450,2,1,1,1
1,h_h006455,8,2,4,1
1,h_h006458,1,2,4,1
1,h_h006459,1,1,4,1
2,h_h006459,2,2,1,1
2,h_h006460,2,1,2,1
1,h_h006460,1,2,5,1
3,h_h006460,2,2,2,1
1,h_h006462,7,2,4,2
1,h_h006464,1,2,5,1
1,h_h006465,1,1,4,1
1,h_h006468,1,2,4,1
2,h_h006468,2,2,1,1
1,h_h006469,8,1,3,3
2,h_h006470,2,1,2,1
1,h_h006470,1,1,5,1
1,h_h006472,1,2,4,1
1,h_h006473,7,2,4,1
2,h_h006473,7,2,4,1
1,h_h006476,2,1,1,1
2,h_h006477,2,1,1,1
1,h_h006477,1,1,4,1
3,h_h006477,2,1,1,1
2,h_h006478,11,2,5,1
1,h_h006478,7,1,5,1
2,h_h006480,10,2,6,2
4,h_h006480,10,2,6,2
1,h_h006480,10,1,5,2
3,h_h006480,10,2,5,2
1,h_h006491,1,2,4,1
1,h_h006494,1,1,5,1
1,h_h006496,7,2,6,1
2,h_h006498,7,2,6,1
1,h_h006498,1,1,6,1
1,h_h006499,2,2,1,1
1,h_h006502,5,2,4,1
2,h_h006502,2,2,1,1
1,h_h006504,2,1,1,1
1,h_h006506,1,1,4,1
1,h_h006519,1,1,4,1
3,h_h006519,2,2,1,1
2,h_h006519,2,2,1,1
1,h_h006527,8,1,4,1
1,h_h006528,3,2,7,1
2,h_h006530,2,1,1,1
1,h_h006530,1,1,4,1
2,h_h006533,3,2,7,1
1,h_h006533,2,2,1,1
1,h_h006534,1,1,5,1
2,h_h006539,8,1,4,3
1,h_h006539,7,2,4,1
2,h_h006543,2,2,2,1
1,h_h006543,1,2,5,1
2,h_h006545,2,2,1,1
1,h_h006545,1,1,5,1
3,h_h006545,2,2,1,1
1,h_h006549,7,2,3,1
1,h_h006551,1,1,4,1
2,h_h006565,2,2,2,1
1,h_h006565,1,1,5,1
3,h_h006565,2,2,2,1
1,h_h006567,8,1,4,1
2,h_h006568,2,1,1,1
1,h_h006568,1,1,5,1
3,h_h006568,2,2,1,1
1,h_h006572,1,1,6,1
1,h_h006578,8,1,4,1
1,h_h006581,1,2,4,1
2,h_h006581,2,1,1,1
1,h_h006585,2,2,2,1
2,h_h006585,2,2,1,1
1,h_h006587,8,1,3,1
2,h_h006589,2,1,2,1
1,h_h006589,1,2,6,1
3,h_h006589,2,1,2,1
1,h_h006592,2,1,1,1
3,h_h006594,2,1,1,1
2,h_h006594,2,1,1,1
1,h_h006594,1,2,5,1
1,h_h006597,1,1,5,1
2,h_h006597,2,1,2,1
1,h_h006607,1,1,5,1
3,h_h006607,2,1,1,1
2,h_h006607,2,1,2,1
1,h_h006612,7,2,4,1
2,h_h006617,11,2,1,1
1,h_h006617,2,2,4,1
1,h_h006620,7,1,5,1
1,h_h006621,3,2,5,1
1,h_h006626,7,2,4,1
1,h_h006629,1,1,4,1
2,h_h006629,2,1,1,1
1,h_h006632,1,2,5,1
1,h_h006635,1,2,5,1
2,h_h006635,2,1,1,1
1,h_h006636,1,1,3,1
1,h_h006637,10,2,5,1
1,h_h006638,1,1,5,1
2,h_h006638,2,1,1,1
1,h_h006643,1,2,4,1
2,h_h006643,2,2,1,1
1,h_h006645,1,1,5,1
1,h_h006653,8,1,3,1
2,h_h006663,2,2,2,1
1,h_h006663,1,1,5,1
3,h_h006663,2,2,1,1
1,h_h006665,8,2,3,1
2,h_h006668,2,1,2,1
1,h_h006668,1,2,5,1
3,h_h006668,2,1,1,1
1,h_h006671,8,2,3,1
1,h_h006677,2,2,2,1
1,h_h006678,7,2,5,1
1,h_h006680,1,2,5,1
1,h_h006681,1,1,5,1
3,h_h006681,2,2,1,1
2,h_h006681,2,2,2,1
2,h_h006682,2,1,1,1
1,h_h006682,1,1,5,1
3,h_h006682,2,2,1,1
1,h_h006685,8,1,4,1
1,h_h006695,1,2,5,1
2,h_h006695,2,1,1,1
2,h_h006700,2,1,2,1
1,h_h006700,1,1,5,1
1,h_h006703,1,1,5,1
1,h_h006706,1,1,4,1
1,h_h006709,1,1,5,1
3,h_h006709,2,1,1,1
2,h_h006709,2,1,1,1
1,h_h006720,6,2,4,1
2,h_h006720,6,2,3,1
1,h_h006737,8,1,3,3
1,h_h006744,1,1,6,1
2,h_h006747,2,2,1,1
1,h_h006747,1,2,4,1
1,h_h006748,1,2,4,1
3,h_h006748,2,1,1,1
2,h_h006748,2,1,1,1
1,h_h006749,7,2,3,1
2,h_h006750,7,2,4,1
1,h_h006750,7,2,4,1
1,h_h006755,8,1,3,1
1,h_h006766,7,2,6,1
1,h_h006870,2,1,2,1
1,h_h006872,1,1,4,1
2,h_h006872,2,1,1,1
1,h_h000079,11,2,7,1
1,h_h000117,1,2,4,1
3,h_h000117,2,2,1,1
2,h_h000117,2,2,2,1
1,h_h000153,5,1,5,1
3,h_h000153,11,1,1,1
2,h_h000153,11,2,5,1
4,h_h000153,11,2,1,1
2,h_h000170,9,2,3,1
4,h_h000170,9,2,3,1
1,h_h000170,9,1,4,1
3,h_h000170,9,2,3,1
1,h_h000177,8,2,4,1
1,h_h000198,8,1,3,1
1,h_h000208,1,1,5,1
2,h_h000208,2,1,1,1
1,h_h000240,1,1,4,1
2,h_h000240,2,1,1,1
1,h_h000246,8,1,3,1
1,h_h000260,1,1,4,1
1,h_h000264,1,1,4,1
2,h_h000499,3,1,6,1
4,h_h000499,5,1,3,1
1,h_h000499,1,1,4,1
3,h_h000499,3,2,6,1
2,h_h000548,3,1,7,3
1,h_h000548,1,1,4,1
1,h_h000550,8,1,5,3
1,h_h000570,8,1,3,3
1,h_h000613,1,1,4,3
2,h_h000613,2,2,1,1
1,h_h000631,5,2,3,1
1,h_h000634,7,1,4,1
1,h_h000654,8,2,3,1
1,h_h000700,1,1,4,1
3,h_h000700,3,1,6,1
5,h_h000700,5,2,4,1
2,h_h000700,2,2,1,1
4,h_h000700,3,2,5,1
1,h_h000702,11,2,5,1
3,h_h000702,11,1,1,1
2,h_h000702,11,1,2,1
1,h_h000706,8,1,3,1
1,h_h000726,8,1,4,1
1,h_h000750,1,1,5,1
3,h_h000750,2,2,1,1
2,h_h000750,2,1,1,1
1,h_h000755,1,2,4,1
2,h_h000755,2,1,2,1
1,h_h000770,1,2,5,1
2,h_h000802,2,1,1,1
1,h_h000802,1,1,4,1
2,h_h000842,2,2,2,1
1,h_h000842,3,2,7,1
3,h_h000842,2,2,1,1
2,h_h000859,7,2,4,1
1,h_h000859,7,2,4,1
1,h_h000872,3,1,6,1
3,h_h000872,5,2,4,3
5,h_h000872,2,2,1,1
2,h_h000872,3,2,6,1
4,h_h000872,5,1,3,1
1,h_h000880,1,1,4,1
2,h_h000894,2,1,2,1
1,h_h000894,1,1,5,1
3,h_h000894,2,1,2,1
1,h_h001019,3,1,8,1
3,h_h001019,5,2,5,3
2,h_h001019,3,2,7,1
4,h_h001019,6,1,5,3
1,h_h001051,8,1,4,1
1,h_h001060,7,2,3,1
2,h_h001060,7,2,3,3
2,h_h001093,11,2,4,1
1,h_h001093,11,1,6,1
3,h_h001093,11,2,4,1
1,h_h001108,1,1,4,1
1,h_h001189,7,2,4,1
1,h_h001212,3,2,6,1
1,h_h001231,7,2,3,1
1,h_h001249,7,2,3,1
1,h_h001264,8,1,3,1
1,h_h001271,8,1,4,3
1,h_h001315,8,1,3,1
2,h_h001332,2,1,2,1
4,h_h001332,1,1,5,2
1,h_h001332,2,1,2,1
3,h_h001332,2,2,2,1
1,h_h001405,11,2,3,2
1,h_h001407,1,2,5,1
3,h_h001407,2,2,2,1
2,h_h001407,2,1,2,1
1,h_h001412,8,1,3,1
1,h_h001440,7,2,3,1
1,h_h001442,8,1,3,1
1,h_h001517,8,1,3,1
1,h_h001552,8,2,3,1
2,h_h001590,2,2,1,1
1,h_h001590,1,1,4,1
1,h_h001642,1,2,4,1
1,h_h001698,8,1,3,1
2,h_h001722,6,2,3,3
1,h_h001722,5,2,3,1
2,h_h001766,2,1,1,1
1,h_h001766,2,1,2,1
1,h_h001792,7,2,3,1
1,h_h001810,5,2,4,1
1,h_h001816,7,2,3,1
1,h_h001818,3,2,6,1
1,h_h001824,8,2,6,1
1,h_h001833,8,1,3,1
2,h_h001964,5,1,4,2
1,h_h001964,5,1,4,2
1,h_h001993,9,2,3,1
2,h_h001993,9,2,3,1
1,h_h002005,7,2,3,1
1,h_h002032,7,2,3,1
1,h_h002101,1,2,4,1
2,h_h002111,9,2,3,1
1,h_h002111,9,1,3,1
3,h_h002111,9,2,3,1
1,h_h002249,1,1,4,1
2,h_h002249,5,2,3,3
1,h_h002255,7,2,5,1
1,h_h002331,8,2,3,3
1,h_h002336,1,1,8,1
2,h_h002336,2,2,4,1
1,h_h002341,2,1,3,1
2,h_h002341,2,2,2,1
1,h_h002381,8,2,3,1
1,h_h002412,1,1,5,1
2,h_h002412,2,2,2,1
1,h_h002423,2,2,1,1
3,h_h002423,3,2,7,1
2,h_h002423,3,1,7,1
1,h_h002481,1,1,5,1
3,h_h002481,2,2,2,1
5,h_h002481,3,2,8,1
2,h_h002481,2,2,2,1
4,h_h002481,3,1,8,1
1,h_h002537,8,1,4,1
2,h_h002577,3,2,7,1
1,h_h002577,3,1,7,1
1,h_h002604,3,2,6,1
1,h_h002617,8,1,4,1
2,h_h002641,3,2,7,1
1,h_h002641,3,1,7,1
1,h_h002686,8,1,3,1
1,h_h002840,8,1,3,1
1,h_h002845,8,1,4,3
1,h_h002908,8,2,3,1
1,h_h002916,8,2,3,1
1,h_h002945,8,1,3,3
1,h_h002985,1,1,5,1
2,h_h003116,7,2,3,1
1,h_h003116,7,2,3,1
1,h_h003127,8,1,4,1
1,h_h003144,8,1,4,3
2,h_h003169,7,1,3,1
1,h_h003169,7,1,3,1
1,h_h003356,9,2,5,3
2,h_h003377,7,1,4,1
1,h_h003377,7,1,4,1
1,h_h003390,8,2,3,1
1,h_h003430,1,1,4,1
1,h_h003455,8,1,3,1
1,h_h003469,1,1,5,1
2,h_h003469,2,2,1,1
1,h_h003491,1,1,4,1
1,h_h003512,8,1,3,1
1,h_h003656,3,2,6,1
2,h_h003656,3,1,6,1
1,h_h003705,8,2,3,1
1,h_h003713,5,2,3,1
1,h_h003793,1,1,4,1
1,h_h003932,3,2,5,1
2,h_h003932,3,1,6,1
1,h_h004058,8,1,3,1
1,h_h004138,8,1,3,1
1,h_h004162,8,2,3,1
1,h_h004180,8,1,3,1
1,h_h004245,7,2,3,1
2,h_h004245,7,2,3,1
1,h_h004372,1,2,5,1
3,h_h004372,2,2,2,1
5,h_h004372,3,2,8,1
2,h_h004372,2,1,2,1
4,h_h004372,3,2,8,1
1,h_h004513,8,1,4,1
1,h_h004533,8,1,4,1
1,h_h004606,7,2,3,1
1,h_h004763,7,2,3,2
1,h_h004979,3,2,7,1
2,h_h004979,5,1,4,1
1,h_h005003,7,2,3,1
2,h_h005064,7,2,3,1
1,h_h005064,7,2,3,1
1,h_h005067,1,2,3,1
1,h_h005250,7,2,3,1
1,h_h005257,7,2,3,1
1,h_h005355,8,1,3,1
1,h_h005379,8,2,4,1
1,h_h005402,7,2,5,3
1,h_h005432,8,2,3,1
1,h_h005456,3,2,6,1
1,h_h005505,7,2,3,3
3,h_h005505,7,2,3,2
2,h_h005505,7,2,3,2
1,h_h005686,8,1,4,1
1,h_h005721,2,1,1,1
2,h_h005721,5,2,4,1
1,h_h005843,1,1,4,1
1,h_h005867,8,2,3,1
1,h_h006024,8,1,3,1
1,h_h006198,8,1,3,1
1,h_h006207,6,2,3,1
1,h_h006234,8,2,3,1
1,h_h006453,1,1,5,1
1,h_h006503,8,1,4,1
1,h_h006595,7,2,3,3
1,h_h006618,3,2,6,1
1,h_h006639,8,1,4,1
2,h_h006641,2,1,1,1
1,h_h006641,1,1,4,1
3,h_h006641,2,1,1,1
1,h_h006654,5,2,4,1
2,h_h006654,10,2,3,3
1,h_h006658,1,1,4,1
1,h_h006660,3,2,8,1
1,h_h006684,1,1,5,1
1,h_h006731,1,2,6,1
1,h_h006753,2,2,1,1
3,h_h006753,1,2,5,3
2,h_h006753,2,2,2,1
